{
  "outcome": "Within7Yr",
  "n_samples": 94,
  "n_positive": 56,
  "n_negative": 38,
  "prevalence": 0.5957446808510638,
  "n_total_features_in_ranking": 49,
  "k_values_evaluated": [
    1,
    2,
    3,
    4,
    5,
    6,
    7,
    8,
    9,
    10,
    11,
    12,
    13,
    14,
    15,
    16,
    17,
    18,
    19,
    20,
    21,
    22,
    23,
    24,
    25,
    26,
    27,
    28,
    29,
    30,
    31,
    32,
    33,
    34,
    35,
    36,
    37,
    38,
    39,
    40,
    41,
    42,
    43,
    44,
    45,
    46,
    47,
    48,
    49
  ],
  "hyperparam_strategy": "per_fold_grid",
  "rf_param_grid": {
    "n_estimators": [
      300
    ],
    "max_depth": [
      null,
      5
    ],
    "min_samples_leaf": [
      1,
      3
    ],
    "max_features": [
      "sqrt",
      0.3
    ]
  },
  "fixed_best_params": null,
  "outer_cv": "RepeatedStratifiedKFold(n_splits=5, n_repeats=3)",
  "inner_cv": "StratifiedKFold(n_splits=5)",
  "peak_per_metric": {
    "roc_auc": {
      "best_n_features": 26,
      "best_value_mean": 0.8976190476190476,
      "best_value_std": 0.054161986543288035,
      "pooled_at_best_k": 0.8880534670008354,
      "higher_is_better": true
    },
    "average_precision": {
      "best_n_features": 21,
      "best_value_mean": 0.9364666465632787,
      "best_value_std": 0.03138019942480266,
      "pooled_at_best_k": 0.9298362842626879,
      "higher_is_better": true
    },
    "balanced_accuracy": {
      "best_n_features": 19,
      "best_value_mean": 0.8104978354978355,
      "best_value_std": 0.046430021975544425,
      "pooled_at_best_k": 0.8104636591478698,
      "higher_is_better": true
    },
    "accuracy": {
      "best_n_features": 19,
      "best_value_mean": 0.8263157894736841,
      "best_value_std": 0.04156927015331173,
      "pooled_at_best_k": 0.8262411347517731,
      "higher_is_better": true
    },
    "f1": {
      "best_n_features": 46,
      "best_value_mean": 0.8630226681531031,
      "best_value_std": 0.04896741086260654,
      "pooled_at_best_k": 0.8626373626373627,
      "higher_is_better": true
    },
    "precision": {
      "best_n_features": 20,
      "best_value_mean": 0.8374242424242426,
      "best_value_std": 0.05494673720166615,
      "pooled_at_best_k": 0.8342857142857143,
      "higher_is_better": true
    },
    "recall": {
      "best_n_features": 46,
      "best_value_mean": 0.9343434343434341,
      "best_value_std": 0.05354318056535307,
      "pooled_at_best_k": 0.9345238095238095,
      "higher_is_better": true
    },
    "sensitivity": {
      "best_n_features": 46,
      "best_value_mean": 0.9343434343434341,
      "best_value_std": 0.05354318056535307,
      "pooled_at_best_k": 0.9345238095238095,
      "higher_is_better": true
    },
    "specificity": {
      "best_n_features": 20,
      "best_value_mean": 0.7464285714285713,
      "best_value_std": 0.09901114582250095,
      "pooled_at_best_k": 0.7456140350877193,
      "higher_is_better": true
    },
    "brier_score": {
      "best_n_features": 14,
      "best_value_mean": 0.1384764410852446,
      "best_value_std": 0.018611879273644088,
      "pooled_at_best_k": 0.1384589750973824,
      "higher_is_better": false
    }
  },
  "elapsed_seconds": 454.4272880554199,
  "random_state": 42
}