{
  "outcome": "Within2Yr",
  "n_samples": 94,
  "n_positive": 32,
  "n_negative": 62,
  "prevalence": 0.3404255319148936,
  "n_total_features_in_ranking": 50,
  "k_values_evaluated": [
    1,
    2,
    3,
    4,
    5,
    6,
    7,
    8,
    9,
    10,
    11,
    12,
    13,
    14,
    15,
    16,
    17,
    18,
    19,
    20,
    21,
    22,
    23,
    24,
    25,
    26,
    27,
    28,
    29,
    30,
    31,
    32,
    33,
    34,
    35,
    36,
    37,
    38,
    39,
    40,
    41,
    42,
    43,
    44,
    45,
    46,
    47,
    48,
    49,
    50
  ],
  "hyperparam_strategy": "per_fold_grid",
  "rf_param_grid": {
    "n_estimators": [
      300
    ],
    "max_depth": [
      null,
      5
    ],
    "min_samples_leaf": [
      1,
      3
    ],
    "max_features": [
      "sqrt",
      0.3
    ]
  },
  "fixed_best_params": null,
  "outer_cv": "RepeatedStratifiedKFold(n_splits=5, n_repeats=3)",
  "inner_cv": "StratifiedKFold(n_splits=5)",
  "peak_per_metric": {
    "roc_auc": {
      "best_n_features": 42,
      "best_value_mean": 0.8776149776149775,
      "best_value_std": 0.08224632434169739,
      "pooled_at_best_k": 0.8690356182795699,
      "higher_is_better": true
    },
    "average_precision": {
      "best_n_features": 20,
      "best_value_mean": 0.8009891871796634,
      "best_value_std": 0.133010460665144,
      "pooled_at_best_k": 0.7689217413401692,
      "higher_is_better": true
    },
    "balanced_accuracy": {
      "best_n_features": 3,
      "best_value_mean": 0.7478327228327228,
      "best_value_std": 0.11700890212695121,
      "pooled_at_best_k": 0.7501680107526882,
      "higher_is_better": true
    },
    "accuracy": {
      "best_n_features": 14,
      "best_value_mean": 0.7904483430799221,
      "best_value_std": 0.10354149138232648,
      "pooled_at_best_k": 0.7907801418439716,
      "higher_is_better": true
    },
    "f1": {
      "best_n_features": 3,
      "best_value_mean": 0.6498544048544049,
      "best_value_std": 0.1684589043943056,
      "pooled_at_best_k": 0.6702127659574468,
      "higher_is_better": true
    },
    "precision": {
      "best_n_features": 39,
      "best_value_mean": 0.7898412698412699,
      "best_value_std": 0.2183486086294131,
      "pooled_at_best_k": 0.7833333333333333,
      "higher_is_better": true
    },
    "recall": {
      "best_n_features": 4,
      "best_value_mean": 0.6603174603174602,
      "best_value_std": 0.2662695455726601,
      "pooled_at_best_k": 0.6666666666666666,
      "higher_is_better": true
    },
    "sensitivity": {
      "best_n_features": 4,
      "best_value_mean": 0.6603174603174602,
      "best_value_std": 0.2662695455726601,
      "pooled_at_best_k": 0.6666666666666666,
      "higher_is_better": true
    },
    "specificity": {
      "best_n_features": 46,
      "best_value_mean": 0.9405982905982907,
      "best_value_std": 0.0580203669563335,
      "pooled_at_best_k": 0.9408602150537635,
      "higher_is_better": true
    },
    "brier_score": {
      "best_n_features": 13,
      "best_value_mean": 0.14465318865448687,
      "best_value_std": 0.040180360651496855,
      "pooled_at_best_k": 0.14440415047135746,
      "higher_is_better": false
    }
  },
  "elapsed_seconds": 463.50357580184937,
  "random_state": 42
}