{
  "outcome": "Within6Yr",
  "n_samples": 94,
  "n_positive": 53,
  "n_negative": 41,
  "prevalence": 0.5638297872340425,
  "n_total_features_in_ranking": 50,
  "k_values_evaluated": [
    1,
    2,
    3,
    4,
    5,
    6,
    7,
    8,
    9,
    10,
    11,
    12,
    13,
    14,
    15,
    16,
    17,
    18,
    19,
    20,
    21,
    22,
    23,
    24,
    25,
    26,
    27,
    28,
    29,
    30,
    31,
    32,
    33,
    34,
    35,
    36,
    37,
    38,
    39,
    40,
    41,
    42,
    43,
    44,
    45,
    46,
    47,
    48,
    49,
    50
  ],
  "hyperparam_strategy": "per_fold_grid",
  "rf_param_grid": {
    "n_estimators": [
      300
    ],
    "max_depth": [
      null,
      5
    ],
    "min_samples_leaf": [
      1,
      3
    ],
    "max_features": [
      "sqrt",
      0.3
    ]
  },
  "fixed_best_params": null,
  "outer_cv": "RepeatedStratifiedKFold(n_splits=5, n_repeats=3)",
  "inner_cv": "StratifiedKFold(n_splits=5)",
  "peak_per_metric": {
    "roc_auc": {
      "best_n_features": 41,
      "best_value_mean": 0.8755345117845117,
      "best_value_std": 0.0929557599123911,
      "pooled_at_best_k": 0.8683080227028687,
      "higher_is_better": true
    },
    "average_precision": {
      "best_n_features": 41,
      "best_value_mean": 0.9204857098734105,
      "best_value_std": 0.06273645145227787,
      "pooled_at_best_k": 0.903978517569819,
      "higher_is_better": true
    },
    "balanced_accuracy": {
      "best_n_features": 13,
      "best_value_mean": 0.7964225589225589,
      "best_value_std": 0.11206618892954207,
      "pooled_at_best_k": 0.7962877741984967,
      "higher_is_better": true
    },
    "accuracy": {
      "best_n_features": 13,
      "best_value_mean": 0.8011695906432748,
      "best_value_std": 0.11266121821049147,
      "pooled_at_best_k": 0.8014184397163121,
      "higher_is_better": true
    },
    "f1": {
      "best_n_features": 13,
      "best_value_mean": 0.8236362381579773,
      "best_value_std": 0.10459307154595211,
      "pooled_at_best_k": 0.8260869565217391,
      "higher_is_better": true
    },
    "precision": {
      "best_n_features": 13,
      "best_value_mean": 0.8175790875790876,
      "best_value_std": 0.09943649308903614,
      "pooled_at_best_k": 0.8159509202453987,
      "higher_is_better": true
    },
    "recall": {
      "best_n_features": 32,
      "best_value_mean": 0.8436363636363636,
      "best_value_std": 0.1367181538821546,
      "pooled_at_best_k": 0.8427672955974843,
      "higher_is_better": true
    },
    "sensitivity": {
      "best_n_features": 32,
      "best_value_mean": 0.8436363636363636,
      "best_value_std": 0.1367181538821546,
      "pooled_at_best_k": 0.8427672955974843,
      "higher_is_better": true
    },
    "specificity": {
      "best_n_features": 13,
      "best_value_mean": 0.7564814814814814,
      "best_value_std": 0.13637271049209446,
      "pooled_at_best_k": 0.7560975609756098,
      "higher_is_better": true
    },
    "brier_score": {
      "best_n_features": 11,
      "best_value_mean": 0.15358007365250492,
      "best_value_std": 0.034900214720877065,
      "pooled_at_best_k": 0.1533428579493302,
      "higher_is_better": false
    }
  },
  "elapsed_seconds": 466.28259229660034,
  "random_state": 42
}