{
  "outcome": "Within3Yr",
  "n_samples": 94,
  "n_positive": 36,
  "n_negative": 58,
  "prevalence": 0.3829787234042553,
  "n_total_features_in_ranking": 48,
  "k_values_evaluated": [
    1,
    2,
    3,
    4,
    5,
    6,
    7,
    8,
    9,
    10,
    11,
    12,
    13,
    14,
    15,
    16,
    17,
    18,
    19,
    20,
    21,
    22,
    23,
    24,
    25,
    26,
    27,
    28,
    29,
    30,
    31,
    32,
    33,
    34,
    35,
    36,
    37,
    38,
    39,
    40,
    41,
    42,
    43,
    44,
    45,
    46,
    47,
    48
  ],
  "hyperparam_strategy": "per_fold_grid",
  "rf_param_grid": {
    "n_estimators": [
      300
    ],
    "max_depth": [
      null,
      5
    ],
    "min_samples_leaf": [
      1,
      3
    ],
    "max_features": [
      "sqrt",
      0.3
    ]
  },
  "fixed_best_params": null,
  "outer_cv": "RepeatedStratifiedKFold(n_splits=5, n_repeats=3)",
  "inner_cv": "StratifiedKFold(n_splits=5)",
  "peak_per_metric": {
    "roc_auc": {
      "best_n_features": 34,
      "best_value_mean": 0.8984126984126983,
      "best_value_std": 0.06417056232722043,
      "pooled_at_best_k": 0.8868933588761175,
      "higher_is_better": true
    },
    "average_precision": {
      "best_n_features": 23,
      "best_value_mean": 0.855380621362764,
      "best_value_std": 0.07320790539121284,
      "pooled_at_best_k": 0.8295506873922467,
      "higher_is_better": true
    },
    "balanced_accuracy": {
      "best_n_features": 23,
      "best_value_mean": 0.7523268398268397,
      "best_value_std": 0.07731252461412853,
      "pooled_at_best_k": 0.7538314176245211,
      "higher_is_better": true
    },
    "accuracy": {
      "best_n_features": 23,
      "best_value_mean": 0.7869395711500974,
      "best_value_std": 0.0702264735987451,
      "pooled_at_best_k": 0.7872340425531915,
      "higher_is_better": true
    },
    "f1": {
      "best_n_features": 24,
      "best_value_mean": 0.6826376891082774,
      "best_value_std": 0.09955024104605467,
      "pooled_at_best_k": 0.6875,
      "higher_is_better": true
    },
    "precision": {
      "best_n_features": 40,
      "best_value_mean": 0.8476190476190477,
      "best_value_std": 0.16305613017394222,
      "pooled_at_best_k": 0.8169014084507042,
      "higher_is_better": true
    },
    "recall": {
      "best_n_features": 6,
      "best_value_mean": 0.655952380952381,
      "best_value_std": 0.15992816049993844,
      "pooled_at_best_k": 0.6574074074074074,
      "higher_is_better": true
    },
    "sensitivity": {
      "best_n_features": 6,
      "best_value_mean": 0.655952380952381,
      "best_value_std": 0.15992816049993844,
      "pooled_at_best_k": 0.6574074074074074,
      "higher_is_better": true
    },
    "specificity": {
      "best_n_features": 47,
      "best_value_mean": 0.9287878787878788,
      "best_value_std": 0.08526874892647841,
      "pooled_at_best_k": 0.9310344827586207,
      "higher_is_better": true
    },
    "brier_score": {
      "best_n_features": 24,
      "best_value_mean": 0.15010932562074825,
      "best_value_std": 0.02030020808765305,
      "pooled_at_best_k": 0.1499865285633683,
      "higher_is_better": false
    }
  },
  "elapsed_seconds": 445.0279326438904,
  "random_state": 42
}