{
  "outcome": "Within4Yr",
  "n_samples": 94,
  "n_positive": 43,
  "n_negative": 51,
  "prevalence": 0.4574468085106383,
  "n_total_features_in_ranking": 38,
  "k_values_evaluated": [
    1,
    2,
    3,
    4,
    5,
    6,
    7,
    8,
    9,
    10,
    11,
    12,
    13,
    14,
    15,
    16,
    17,
    18,
    19,
    20,
    21,
    22,
    23,
    24,
    25,
    26,
    27,
    28,
    29,
    30,
    31,
    32,
    33,
    34,
    35,
    36,
    37,
    38
  ],
  "hyperparam_strategy": "per_fold_grid",
  "rf_param_grid": {
    "n_estimators": [
      300
    ],
    "max_depth": [
      null,
      5
    ],
    "min_samples_leaf": [
      1,
      3
    ],
    "max_features": [
      "sqrt",
      0.3
    ]
  },
  "fixed_best_params": null,
  "outer_cv": "RepeatedStratifiedKFold(n_splits=5, n_repeats=3)",
  "inner_cv": "StratifiedKFold(n_splits=5)",
  "peak_per_metric": {
    "roc_auc": {
      "best_n_features": 16,
      "best_value_mean": 0.892415824915825,
      "best_value_std": 0.04806768519557023,
      "pooled_at_best_k": 0.8868115721740893,
      "higher_is_better": true
    },
    "average_precision": {
      "best_n_features": 15,
      "best_value_mean": 0.9017083274578117,
      "best_value_std": 0.04565158845335829,
      "pooled_at_best_k": 0.8911238422849261,
      "higher_is_better": true
    },
    "balanced_accuracy": {
      "best_n_features": 17,
      "best_value_mean": 0.8125084175084175,
      "best_value_std": 0.08490874240332816,
      "pooled_at_best_k": 0.8132694938440492,
      "higher_is_better": true
    },
    "accuracy": {
      "best_n_features": 17,
      "best_value_mean": 0.8189083820662767,
      "best_value_std": 0.08241752020040428,
      "pooled_at_best_k": 0.8191489361702128,
      "higher_is_better": true
    },
    "f1": {
      "best_n_features": 17,
      "best_value_mean": 0.7848543303961263,
      "best_value_std": 0.10633436575979031,
      "pooled_at_best_k": 0.7901234567901234,
      "higher_is_better": true
    },
    "precision": {
      "best_n_features": 27,
      "best_value_mean": 0.855786435786436,
      "best_value_std": 0.12005751626828082,
      "pooled_at_best_k": 0.839622641509434,
      "higher_is_better": true
    },
    "recall": {
      "best_n_features": 17,
      "best_value_mean": 0.7425925925925927,
      "best_value_std": 0.13299670910428227,
      "pooled_at_best_k": 0.7441860465116279,
      "higher_is_better": true
    },
    "sensitivity": {
      "best_n_features": 17,
      "best_value_mean": 0.7425925925925927,
      "best_value_std": 0.13299670910428227,
      "pooled_at_best_k": 0.7441860465116279,
      "higher_is_better": true
    },
    "specificity": {
      "best_n_features": 27,
      "best_value_mean": 0.8896969696969698,
      "best_value_std": 0.09705623843892476,
      "pooled_at_best_k": 0.8888888888888888,
      "higher_is_better": true
    },
    "brier_score": {
      "best_n_features": 16,
      "best_value_mean": 0.14820103225768214,
      "best_value_std": 0.020852838106972547,
      "pooled_at_best_k": 0.14804431379915206,
      "higher_is_better": false
    }
  },
  "elapsed_seconds": 350.1510660648346,
  "random_state": 42
}